{"cameraMode":{"drawMode":0,"name":"Shaded","section":"Shading Mode"},"sceneLighting":true,"audioPlay":false,"sceneViewState":{"showFog":true,"showMaterialUpdate":false,"showSkybox":true,"showFlares":true,"showImageEffects":true,"showParticleSystems":true},"in2DMode":false,"pivot":{"x":4.173113822937012,"y":-7.760554313659668,"z":-15.362857818603516},"rotation":{"x":0.003334521781653166,"y":0.97996586561203,"z":-0.19845594465732575,"w":0.016465162858366967},"size":37.68391418457031,"orthographic":false}