{"cameraMode":{"drawMode":0,"name":"Shaded","section":"Shading Mode"},"sceneLighting":false,"audioPlay":false,"sceneViewState":{"showFog":true,"showMaterialUpdate":false,"showSkybox":true,"showFlares":true,"showImageEffects":true,"showParticleSystems":true},"in2DMode":false,"pivot":{"x":0.49000000953674319,"y":0.20000001788139344,"z":-1.440000057220459},"rotation":{"x":-0.5832107067108154,"y":0.08537501841783524,"z":-0.06181821972131729,"w":-0.8054533004760742},"size":22.0,"orthographic":false}